@,1953
RT,1457
WEBSITE,1186
Ã¨,256
â€™,178
Il,99
La,86
WEBSITEâ€¦,85
Quando,65
Buon,59
Non,34
â€,53
Oggi,35
Italia,46
Un,43
Ma,46
ADP10,30
E,35
ClaMarchisio8,27
Una,25
Ale,26
Per,24
A,24
Questo,25
â€œ,28
L,21
Io,32
LA,15
Come,20
UEFAcom_it,17
Miglior,17
Da,19
Con,17
Ecco,14
Che,17
VITA,14
DELLA,15
DEL,19
Capitano,14
DI,20
SardoneSilvia,12
Grazie,15
Tanti,12
Roma,21
Buongiorno,17
Semplicemente,11
Ci,17
Anche,17
Domani,9
Casalino,9
BELLA,11
REGINA,11
DEI,12
ROM,11
SPESE,11
COMUNE,11
Pur,11
Mi,15
VoglioStreamingDay,9
Presidente,8
Se,20
Chi,14
Rebeka80721106,10
IL,17
GiuliaGrilloM5S,10
Napoli,16
ğŸ’˜,10
Sono,15
Senato,7
Salvini,10
DavLucia,7
Si,14
+,7
Cosa,12
Paeonia,13
Jasminum,13
JuveFaCose,9
VivoliDonatella,6
IN,7
Governo,7
Novembre,7
Vi,13
De,8
VSFashionShow,15
DiMaio,9
Nazionale,10
Sei,8
Prima,8
Due,5
la,11
SerieA,7
DecretoSalvini,6
New,10
Hakflak,6
BrindusaB1,6
Di,11
Atlantico,5
Ed,6
Al,9
Juventus,6
|,5
Firenze,6
C_Randieri,5
Randieri,5
quello,11
Danny,11
Costa,12
FTW,11
Auguri,8
Ministro,8
Lo,8
ğŸ•—,5
Ore,5
ğŸ,5
maxbiaggi,5
AlfonsoBonafede,9
UEFA,8
Noi,7
Siamo,14
Lazio,14
Ciao,8
Ha,15
Forza,5
Manchester,4
Asia,6
RAGA,5
Italy,5
CHE,9
MuhteÅŸemÄ°kili,4
OzgeGÃ¼rel,4
Corriere,4
Nella,4
Resilienza5,4
PerchÃ©,6
Voglio,12
Ora,5
GiancarloDeRisi,6
..,7
UniversitÃ ,4
Bisogna,5
PER,8
ğŸ˜,5
Ogni,7
Milano,7
ğŸ˜,5
Faccio,5
Rivolta,5
Forze,5
Esercitâ€¦,5
Agenzia_Ansa,4
Molto,8
Virgilio,8
Dante,8
Voi,4
MolininiN,4
Twitter,11
UnAssGiudiziari,8
Ho,13
Baricco,4
â€¦,11
AlessiaMorani,6
PerleDiPensieroâ€¦,4
VOGLIO,4
MyMoodOfTheDay,9
BenvenutoAndrea,7
VioBebe,6
Abbiamo,9
],4
Ieri,9
Corte,4
ANPALServizi,4
ScrivoArte,6
CatIMGs,4
Cattuccino,4
â˜•ï¸,4
Winx,8
Le,11
Inter,3
Nel,7
CatalfoNunzia,3
ValeMameli,3
FNAFHS,3
OGGI,4
JuveMUFC,3
UCL,3
Finalmente,7
DaniloToninelli,3
Alberto,3
[,3
SEI,4
Piemonte,3
Buona,7
Decreto,4
Sicurezza,4
Immigrazione,3
Tutti,4
Ãˆ,9
Tra,4
Grillo,4
Sellitti_MR,3
C,5
FA,3
Tutte,3
Ã©,8
RescueMed,4
ForzaNapoliSempre,5
GiuseppeConteIT,4
York,7
DecretoSicurezza,3
Maio,8
Ã‰,4
O,5
Questa,8
Santa,5
PerleDiPensiero,3
Incendio,3
Stati,3
Harry,3
ğŸ‘‡,3
Ricorda,3
Mia,4
Vivo_Azzurro,7
ğŸ‡®ğŸ‡¹,7
Barbara,7
Palvin,5
LaStampa,3
California,3
Mamma,4
Cuckold,3
Stato,6
Higuain,5
Melbourne,6
QuiMediaset_it,3
MAXXI,3
Paolo,3
OfficialSSLazio,3
Lombardia,3
Andrea,5
PROPRIO,4
Alessandro,13
ğŸ’•,4
Ebbene,5
Tbilisi,5
ğŸ¤ºğŸ¥‡,5
Adesso,6
massima,5
Ancora,8
UE,16
IlSofista,5
Va,5
Regione,3
ğŸ‘¶ğŸ»,4
Francesca,5
Dopo,5
Berlino,8
EED18,3
Vibes_San,3
MatteoRichetti,3
AntonellaLaTor6,3
HelpScrivoArte,5
AdalucDe,3
Federico,3
Avvenire_â€¦,3
Staff,3
ASSOLUTAMENTE,3
VERO,3
XX,3
Icardi,2
CaterinaRomeo0,2
EuroMasochismo,2
Juve,4
Matteo,3
School,2
Natura,2
Camilla,2
Borghi,2
Cloud,2
Berlusconi,2
ME,3
DiMartedi,2
Dna,2
Movimento,2
Stâ€¦,2
â€“,5
Repubbliâ€¦,2
ITALIA,2
TI,4
PubblicitÃ ,2
Argento,2
Fabrizio,2
Qualche,2
Giornata,2
ALLA,2
STAZIONE,2
STO,3
DELLE,2
Bebbe,2
GayWeHoDogs4U,2
Rancho,2
Cucamonga,2
CA,2
ğŸ’ªğŸ»,2
Direi,3
PD,3
Barcellona,2
Toscana,3
Parma,2
Torino,4
SkySport,3
SkyUCL,2
Sanders,2
Parlamento,3
Simone,3
Ascoltate,2
ğŸ‘‡ğŸ»,2
Dei,2
Mantovani,2
Aicf,2
Amazon,2
IMedici,3
TeresaBellanova,2
ğŸ˜‚ğŸ˜‚ğŸ˜‚,4
VOGLIOSTREAMINGDAY,2
STOP,2
Amyperuana,2
TUTTI,6
ğŸ’ª,2
Reggio,2
Emilia,2
AM,2
â¤,3
JacopoVeneziani,2
Pietro,5
AndFranchini,2
Comprendo,2
Coscu,3
ğŸ˜‚,3
DL,2
Times,2
DIRE,2
Video,3
IRAMAPLUME,2
GaiaGaudenzi,3
Papryka5,3
SantoriniEmma,2
Dida_ti,2
Cina,2
Maddalena,2
Uno,2
Under19,2
UngheriağŸ‡­ğŸ‡º,2
SlovacchiağŸ‡¸ğŸ‡°,2
SaloneSRI2018,2
Sessione,2
Marco,2
di,2
CristianoRonaldo,2
MareJonio,3
Lâ€¦,3
Francia,5
Russia,2
RadiocorriereTv,2
Generali,2
LaTvDelleRagazze,5
â–¶,2
PERSO,2
SI,5
TWITTER,2
AL,5
SarÃ ,4
Macron,2
Facciamo,5
Câ€¦,2
ONTUSCIA,2
Bergamo,3
Family,2
Elisa,2
â¡ï¸,2
Basta,3
Carlotta,3
Sami,3
VSFS2018,9
ANSA_Salute,2
Saluteâ€¦,2
LIVE,4
Sardegna,2
NON,9
Tutto,3
RaiPlay,2
Alla,4
MILIARDO,5
EURO,5
Gigi,6
Savona,5
Australia,5
Topino88265603,2
Quanti,3
Siciliaâ€¦,2
LunedÃ¬,2
Live,3
DataViz,2
Inviâ€¦,2
Metro,2
Repubblica,4
Mimmo,2
GiAdUzZoLa90,2
VabbÃ©,2
TheSfigatto,2
Eleonora,2
IlMonociglio,2
PochiSannoChe,2
Supercoppa,2
Heysel,2
mentre,2
Zia,2
LazioOM,3
PIÃ™,2
TUTTO,3
DPCgov,2
Maltempo,4
Delta,2
Po,2
Adriatico,2
Centro,2
Sport,4
CET,2
PechinoExpress,2
Signoredellatv,2
Sto,3
Iniziato,3
Castel,4
Volturno,4
Genoa,3
MI,2
RAGAZZI,3
DALESSANDRO,3
ğŸ‘ŠğŸ¼â¤ï¸,3
Solo,3
Paola,2
Rai,3
ğŸ‘‹ğŸ»,2
â€˜,3
Sempre,7
Enrico,3
Paola28995020,2
LaPrimaSquadraDellaCapitale,2
San,4
x,2
Dugout,7
â¡ï¸Video,7
MERCI,2
Mourinho,6
Gianluca,2
Gaetano,2
Federalberghi,2
Cisl_ER,2
Cisl,2
EmiliaRomagna,2
Legambiente,3
LagrandeStoria,2
Ligure,2
M5s,3
Europa,5
Orgogliosa,2
Catanâ€¦,2
Stamattina,3
FP,2
RossellaMuroni,2
Cerco,2
D,2
Ti,4
â¤ï¸,4
Torna,2
Claudiaitalian,2
IranoAngelo,2
Seb,3
RaiCultura,3
Bronx,3
Boston,4
University,4
mille,2
Copiateci,2
GLI,3
Gandhi,2
Pizza,2
BREATHE,2
LMAOOODHHSKDJKDKJJSJDJSK,2
Meglio,2
Seneca,2
Stop,2
Redazione,3
Toro,3
News,5
Ne,3
AndreaGiuricin,2
Gentili,2
M_gabanelli,2
DataroomCorsera,3
DomiAffinito,2
Giuriciâ€¦,2
Dylan,5
Sprouse,3
DYLAN,3
UOMO,3
MIA,4
UN,4
Adoro,2
Fatevi,3
Enyâ€¦,2
Vita,5
Arte,2
LidaSezOlbia,4
Fabio,2
DE,2
NationsLeague,2
PortogalloğŸ‡µğŸ‡¹,2
Prezzo,2
Tre,3
LAllieva2,9
John,3
Cheever,2
Gli,8
Dal,4
Londra,2
ATLANTICO,2
Cagliari,4
Presentazione,3
VenerdÃ¬,5
CONTRO,2
SkyTG24,3
Stelle,2
ğŸš‘ğŸš‘ğŸš‘ğŸš‘ğŸš‘,1
Senti,1
Ariana,1
AeroportidiRoma,1
Fermo,1
Avaaz,1
Grotesque,1
âš«âšªâš«âšª,1
FinoAllaFine,1
AnceGiovaniLomb,1
ANCEgiovani,1
Fipe,1
Business,2
Cosenza..,1
Vieni,1
OhMelissaMoore,1
Mamedova,1
âœ¨,1
Te,3
GabrieleNinni,1
#NAME?,1
VEDERE+++,1
Padoan,1
Dio,2
Rio,1
Sam76Sr,1
Cinzia88299551,1
Cristin97215062,1
DidierMagris,1
zanzoon_hanem,1
DestroEmilio,1
PaulaGrigolett1,1
A4,1
S.STINO,1
LATISANA,1
TRIESTE,1
Traffico,1
STRUCOLO,1
STRAZA,1
STRUDEL,1
ISTRIANO,1
TRIESTINO,1
ğŸ˜‰â€¦,1
MOOD,1
Amici17,1
Blockchain,1
Artificial,1
Intelligence,1
IoT,1
SaaS,1
LaSkilly,1
City,1
Solari,1
Bayern,1
Milan,3
Diesel,1
Montagnâ€¦,1
Sottosegr,1
Pol,1
Giovanili,2
Spadafora,1
Esiste,1
Quick,1
LatinBabeMe,1
ğŸˆğŸˆâ¤ï¸,1
Fallimento,1
Stefano32847521,1
Augurio,1
//,1
ArsenaleKappa,1
LVIX1,1
L'EUro,1
EUropa,1
PaolaTavernaM5S,1
VermiDiRouge,1
PS,3
Meui_tmc,1
Mannagg,1
Nemesi,1
Porchietto,1
FI,1
VemProIfro,1
ClaudioDeglinn2,1
PEGGIORI,1
POLITICI,1
SEMPRE,3
MovimentOnesti,1
TeamMarinelli,1
Conte,2
Diavoli,1
Zebre,1
SerieATIM,1
MilanJuve,2
PSV,1
BosisioSara,1
MAGAğŸ‡ºğŸ‡¸Regattaâ›µï¸â›µï¸â›µï¸,1
VoteRedâ¤ï¸ğŸ‡ºğŸ‡¸,1
TheBadDadder,1
JulieReichwein1â€¦,1
Commento,1
Vangelo,2
Maggi,1
Mitchell,1
Acura,1
Honda,1
Hyundai,1
Infiniti,1
Collision,1
Estimating,1
Manual,1
BenedettaFrucci,1
ChissÃ ,1
ArianaGrande,1
BELLISSIMA,1
AMA,1
ğŸ‡®ğŸ‡¹â¤ï¸,1
Molt,1
OrtaGuida,1
Lago,1
Orta,1
Acqua,1
Pelle,1
LakeOrta,1
Manifest,1
TgLa7,1
Midterms2018,1
democratica,1
Elizabeth,1
Warren,1
Massachusettâ€¦,1
Palermo,1
Casteldaccia,1
LNDC_NAZIONALE,1
FrancescaManza,1
ElezioniUsa,1
Midterm2018â€¦,1
Stasera,3
MiniG,1
Segovia,1
ğŸ˜‰,2
Pomeriggiâ€¦,1
Annalisa,1
BELLISSIMO,1
SJSHSJWKS,1
MA,3
COME,1
FAI,1
ISentinellidi,1
Amo,2
ğŸ˜©ğŸ˜­ğŸ’™,1
Stresa,1
Lake,1
Maggiore,1
Piedmont,1
Cantine,1
Campania,1
Corone,1
Guida,1
Vinibuâ€¦,1
Don_Lazzara,2
MetaErmal,2
ğŸ’›,1
Vedo,1
Bello,1
IMMIGRATO,1
URINA,1
DAVANTI,1
CENTRALE,1
Sâ€¦,3
PucciPedia,1
Moscovici,1
VI,1
PREGO,1
MROENDO,1
UNA,1
COSE,1
MIGLIORI,1
ABBIA,1
MAI,1
VISTOT,1
DKSKSSNKSNS,1
Teo,1
DOPPO,1
Archie,1
ShihTzu,1
Deputatipd,1
AHAHAHAH,1
-â˜ï¸,1
Rino,1
Good,1
Luck,1
â¤ï¸ğŸ–¤,2
Belleza,1
Agniesz08841690,1
ğŸğŸ¥,1
Ä°brahimÃ‡elikkol,1
KeremBÃ¼rsin,1
OykuKarayel,1
AlbertoBagnai,2
Friedman,1
Poterâ€¦,1
NicolodiDaria,1
Buonanotte,1
Daria,1
AdoratissimağŸŒ¸ğŸƒğŸ’«,1
Interic1908,1
Segna,1
MentalitÃ ,1
BaroneZaza70,1
PasqualeTotaro,1
Alessandraâ€¦,1
Nico,2
minuscolo,1
ğŸ˜­ğŸ’™,1
SKAMItalia,1
Ariachetira,1
L'onesta,1
PENE,1
CERTE,1
PCSesto,1
Sta,1
SanMartino,1
Pizzarotti,1
FCosatti,1
Serata,1
ChampionsLeague,2
Usa,1
EnzoAvitabile,1
PinaTurco,1
PERSONALMENTE,1
PAURA,1
LEI,1
S_Galimberti,1
Contare,1
Rombo,1
ArianaGr_ITA,1
Breathin,1
Ama,2
Senza,1
Capitale,1
LavoriAMOxRomaâ€¦,1
OizaQueensday,1
Vanno,1
Addio,1
Eritrea,1
Â»,6
CasaPoundItalia,2
Stefano,1
Trieste,1
Vengono,1
L'ultimo,1
MareIonio,1
zona,1
SAR,1
Libia,1
Rugby,1
Frascati,1
Union,1
Giamminonni,1
C2,1
Proviamo,1
DlSicurezza,1
Marco_Pesacane,1
NapoliPsg,1
BVETTEROFF,1
VIRGINRINGO,1
VirginRadioTV,1
Risintonizzate,1
Scena,1
LorenzoIlMagnifico,1
Magnificers,1
GeosNewsGE,1
LAVORO,1
PROFESSIONALE,1
EUROPROGETTISTA,1
CHERYLFJDJSK,1
Jadeâ¤ï¸â¤ï¸,1
JadeHassoune,1
Dove,3
DOVE,1
Primo,2
VPG_Italy,1
FcInter1908it,4
deve,1
ğŸ˜‚ğŸ˜‚ğŸ˜‚ğŸ˜‚ğŸ˜‚ğŸ˜‚ğŸ˜‚ğŸ˜‚ğŸ˜‚ğŸ˜‚ğŸ˜‚ğŸ˜‚ğŸ˜‚ğŸ˜‚ğŸ˜‚ğŸ˜‚ğŸ˜‚ğŸ˜‚ğŸ˜‚ğŸ˜‚ğŸ–¤ğŸ’™ğŸ–¤ğŸ’™ğŸ–¤ğŸ’™ğŸ–¤ğŸ’™,1
Terrier,1
MarcoMengoni,1
Guardia,1
Costiera,1
Libica,1
Bene,1
Salerno,1
DONNA,1
Rumena,1
ITALIANO,1
Disonorevole,1
CaterinaCategio,1
Spiros209,1
PORCODIO,1
PORCA,1
MADONNA,1
SANTI,1
COLONNAAAAAAAAAAAAAA,1
Mister,1
OfficialAllegri,1
Sabato,2
Musso___,2
Ragusa,1
Gattopardo,2
Tomasi,1
Lampedusa,1
Risparmiare,1
Rico,1
SouthTracker,1
Maari2,1
Sai,1
Pallavi,1
Intro,1
Poster,1
Aanandhi,1
Divulgo,1
Caduta,1
Giganti,1
Longhi,1
Palaâ€¦,1
SalamidaFabio,1
Ve,1
Aiuto,1
JuventusFCYouth,1
UYL,1
Primavera,1
ManUtd,2
RECAP,1
GALLERY,1
Bravo,5
Muntari,1
Camp,1
Nou,1
Pomeriggio5,1
BELLISSIMAğŸ‡®ğŸ‡¹â¤ï¸,1
Aria,1
Potete,2
Daniel,1
Sharman,1
OfficialASRoma,1
CSKARoma,2
FORZA,1
ROMA,2
ASRoma,1
Cari,1
Ungiornodentrounlibro,1
LOforeverVE,1
ğŸ’–ğŸ’ğŸ˜ŠğŸ‘‹,1
Cremona,1
Osteria,1
Fico,1
SecolodItalia1,1
Ricevevano,1
Croazia,1
BOMBA,1
BUONA,2
FORTUNAA,1
AI,2
MINORI,1
ANNI,1
ğŸ˜œğŸ˜œğŸ˜œğŸ˜œse,1
Recupero,1
ICI,1
CorteUe,1
BarbaSir,1
Mangia,1
BRUNA,1
VUOL,1
FINE,1
HA,2
FATTO,1
BLONDE,1
SEOYEON,1
CarloCalenda,1
Seconda,3
Birra,1
Selvaggia,1
RensilR,1
ğŸ‘¿ğŸ‘¿ğŸ‘¿ğŸ‘¿ğŸ‘¿,1
DiBeShG2,1
Iolandadstasio,1
Giustizia,1
SUPERGOCHOo,1
Yamila09553540,1
Sergio3712ok,1
Violet_Isak,1
Leonela_Regina,1
yelarvel,1
ElderAcâ€¦,1
Agnellâ€¦,1
Bareback,2
Joaquin,1
Santana,1
Vadim,1
Romanov,1
Fostter,1
Riviera,1
Koldo,1
Goran,1
Full,2
Download,3
ğŸ ,2
Vediamo,1
Istituto,1
Gabriotti,1
Sergio,1
Polenzani,1
yebosfaye,1
AntonellaLaâ€¦,1
FpCgilNazionale,1
Riunificare,1
Servono,1
Scusate,2
LuciaTassan,2
ValerioLivia,1
Valetripoli62,1
Bloodborne,1
AndreaBricchi77,1
CottarelliCPI,1
Manca,1
Monza,1
Track,1
Day,2
Gabriele,2
Servi,1
Chiara,2
Ottoni,1
LavoroAgile,1
Interviene,2
Germana,1
Caruso,1
Campioni,1
PeccoBagnaia,1
ğŸğŸ–¤~,1
Ben,1
Giorgio,1
Napolitano,1
Bunny,1
Foto,3
Hai,2
Hwarang,1
LoSapevi,1
Fare,1
Side,1
Bend,1
Condividi,1
AllaKrymova,1
FnpCisl,1
Bonfanti,1
Coâ€¦,1
Magpie,1
Salute,1
Wind,1
Interessante,1
LucaMercalli,1
qui,1
Rocco,1
ArrowECS_Italy,1
ğŸ–ŒAnna,1
Frank,1
EmozioniDiDonna,1
Chaâ€¦,1
Approvo,1
VivalaLettura,1
Ceravolo,1
Studi,1
Bologna,1
Binasco,1
UniversitÃ â€¦,1
FaustaMilf,1
Fausta,1
Superfl21255946,1
United,1
Intervista,1
HSHSHSJSJSJ,1
Hijâ€¦,1
PiccoloArancio,1
Tagliata,1
Manzo,1
Aceto,1
Balsamico,1
Patate,1
Chips,1
MultiCloudNOPanic,1
ArrowECS,1
Ovviamente,1
MonteSerra,1
DPC,1
ARitmoDeLCuore,1
Centrafrica,1
Mosca,1
Bangui,1
Parola,2
SerenaDandini,2
Â«,3
Poi,3
Potter,1
Gruberona,1
Ormai,2
Legion,1
AMERICA,1
FATTA,1
MAGLIE,1
PUR,1
AVENDO,1
CAMERA,1
TRUMP,1
AUTOCELEBRA,1
SU,1
GRAN,1
SUCCESSO,1
SENATO,1
MANDAâ€¦,1
Aperte,1
Corso,1
YOGA,1
PRESSO,1
BARLETTARTACADEMY,1
Proroga,1
Opzione,1
Donna,1
ModeSeven777,1
Retro,1
Amidixie~,1
CristinaDAvena,1
Pippo,1
Baudo,1
Padova,1
RaiNews,2
Trovato,1
EticaSgr,1
MinutemanItaly,1
BdI,1
MultiCloudNoPanic,1
ArrowEcs,1
Pin_MB2,1
CorSport,1
BlueBandit_16,1
Premium_Action,1
ğŸ”¥ğŸ”¥ğŸ”¥,1
Lucifer,1
Simo_Fiore,1
Guardate,1
Trump,1
Cnn,1
Insultandolo,1
Gioia,1
GolPerLaRicerca,4
Cattedrale,1
Maria,3
Fiore,1
Alza,1
FurlanAnnamaria,1
Contrattiamodiritti,1
Campidoglio,1
Funzione,1
Pubblica,1
Hanno,1
CeredaDiego,1
Tuscania,1
Volley,1
Olimpia,1
Su,1
TwittGiorgio,1
DA,1
ASCOLTARE,1
Viterbo,1
Eroica,1
ZecchinodOro,1
L'olio,1
EVO,1
Affollato,1
Singapore,1
Vietnam,2
Indonesia,1
Sol,1
Int'EVO,1
Oil,1
Shâ€¦,1
Voltarsi,1
Ginâ€¦,1
GIANNA,1
Spero,1
CONDIVISIONE,1
Azzurrini,1
Recanati,1
L'articolo,3
Mostra,1
Ex,1
Voto,1
Pierflavio,1
Gallina,1
PRESCRIZIONE,1
DiPietro,1
Togliere,1
NonBasta,1
ArturoP66023286,1
Smascherata,1
ECCO,1
UN'ALTRA,1
PROVA,3
Wlitalia,1
Magari,1
HAHAHAHAHAHAHAAHHAHAA,1
IzzatJaafar1,1
CulturaIdentita,1
SenatoriPD,1
Down,1
MarcoTiano,1
LaBambinaia,1
entra,1
Top50,1
IBS_it,1
ItsChiaraPre,1
KJ,1
Cole,2
Beverly,1
Hills,1
Scream,1
ArteYArt,1
Pissarro,1
Cassini_jon,1
Carfelo,1
CristianeGLima,1
BPerâ€¦,1
Germania,7
Dresda,3
Merkel,3
Mario_DelPezzo,1
Guido_Carella,1
TayyarDundarMx,1
Bravissimo,1
AmorYDineroTv,1
ErriDeLuca,1
Domanipress,1
Integrazione,1
Intesa,1
Bonafede,1
ElodiediSgatto,1
MILANO,1
NOVEMBRE,1
#NAME?,1
NetflixIT,2
Bodyguard,2
PalaVerde,1
Villorba,1
RaiSport,1
SuperCoppa,1
LegaVolleyFem,1
Antigiornalista,2
Stanno,1
Capita,1
ğŸ¤·â€â™€ï¸â˜º,1
Lidl,1
CAPRI,1
GUASTO,1
ELICOTTERO,1
SOCCORSO,1
EFFETTUATO,1
PARTORIENTE,1
INTERVIENE,1
SINDACO,2
VivoConcerti,1
TokioHotel,1
NintendOnTweet,1
Nintendo,1
Wii,1
Gennaio,1
Piero,6
Cosimo,1
Simonetta,2
Vespucci,1
Giulia,2
Lellis,1
Mara,1
ValeriaMariniVM,1
Stesso,2
MarcoMenâ€¦,1
KanalD,1
ğŸ€ğŸ€ğŸ€ğŸ‘ŠğŸ‘Š,1
FuoriGenere,1
Contro,1
Ddl,1
Pillon,1
MatteoDeNapoli1,1
Rossell17742133,1
Annasaba8,3
MirandaFelli,1
Oh,1
Tendenze,1
Camerun,1
Emma,1
Bonino,1
ItalianNavy,1
Guarda,1
MarinaMilitare,1
PDdelTrentino,1
mattina,1
LucaZeni1,1
SaraFerrariâ€¦,1
Disney,2
Hulu,1
Quello,1
Hadid,1
Kim,1
Kardashian,1
West,1
Ratajkowskâ€¦,1
Aperto,1
Porta,1
Romana,1
GiudiceRosy,1
CanEm,1
Magia,1
Pensa,2
Agnese,1
GOOD.designs,1
Onice,1
Logan_gdrall,1
Adriano57280445,1
â™‚ï¸ğŸ”ª+,1
Break,1
Hits,1
Coltello,1
Swinging,1
Vuoi,1
CensimentoPermanentePopolazione,1
Gig-Economy,1
Punto,1
Schiavi,1
Giocarci,1
Argentina,1
XIX,1
Greenpeace_ITA,1
GeneraliItalia,1
ArrigoEmiliano,1
Coppelle,1
Gitro77,3
Erano,1
Bibi,1
Paesi,1
Bassi,1
Pakistan,1
Portuense,1
Trullo,1
DjChiamaItalia,1
Natale,2
Heathrow,1
Giusy2808972,1
Ã–zgeGÃ¼rel,1
Lungotevere,1
Inventori,1
Niemehrs,1
HANNO,1
USATO,1
TERMINE,1
FASCISTA,1
SKAM,1
FUCKING,1
DID,1
IT,2
URLANDO,1
MEZZO,1
STRADA,1
SkamItalia,1
Mirellacaporal1,1
Gunaydin,1
Gunaydin/Buongiorno/Good,1
Morning,1
-1,1
_Carabinieri_,1
SavetheDate,1
Carabinieri,2
Costituzione,1
OMS,1
NE,1
PARLIAMO,1
TRASMISSIONE,1
Cerchiamoâ€¦,1
Ultras,1
Pasquino70,1
Occhio,1
Scopritelo,1
Scherziaparte,1
Canale5,1
Marilyn,1
Monroe,1
Rotella,1
Manifesto,1
Min,2
Comuni,2
Aziende,1
ULSS,1
ANCI,1
FISMFondo,1
Sistema,1
Merita,1
ğŸŒ¹,1
Radio2SocialClub,1
Caponi,1
ComuneEmpoli,1
AGiam,1
Allora,2
Sky,1
REYER1872,1
Reyer,1
Venezia,1
Reyerneverstops,1
ğŸ¤£ğŸ¤£ğŸ¤£,1
Anto0671Lepre,2
Fontana3Lorenzo,1
PiÃ¹,2
Ascoltatela,1
Mani,1
Morta,1
Mariasilvia,1
Spolato,1
Coltissima,1
OzSer,1
Quanto,1
JacopoMorrone,1
PietroGrasso,1
Magistrato,1
CIAOOO,1
PICCOLI,1
â¤ğŸ™,1
Alina,1
Tafuro_Riccardo,1
Axel,1
EnricoBorghi1,1
Palazzo,2
Chigi,1
Chrome,1
DipartimentoInnovazioneTecnologiaâ€¦,1
Piovra,1
APPLE,1
CALO,1
VENDITE,1
TROPPO,1
CARI,1
NUOVI,1
IPHONE,1
XS,1
XR,1
SPACCIATORE,2
NIGERIANO,2
Treviso,2
Beauvoir,1
ParchiDaAmare,1
ğŸŸ,1
All,1
Olimpico,1
Quelle,1
CarloLottieri,1
HO,1
FOLLOWERS,1
WTF,1
COSA,2
STA,1
SUCCEDENDO,1
Giorgiolaporta,1
Perconti,1
VOSTRA,1
ESISTENZA,1
OfficialMonstaX,1
SCOMMESSE,1
SPORTIVE,1
Registrati,1
MadLu9,1
Fossero,1
Rapallo,1
Bagnasco,1
ToscanaConfcoop,1
Stamane,1
CsiToscana,1
CONI,1
â—,1
ConfcoopCultura,1
Turismo,1
OGiannino,2
Applausi,1
Enria,2
BCE,1
FotoAssisi,1
Assisi,1
FIGC,1
CT,1
MarioneSospeso,3
Fusione,1
ğŸ’™,3
DELIA49124753,1
VEDERE,1
SE,1
SALUTI,1
BUONGIORNO,1
â™¥ï¸ğŸ˜»ğŸ€â˜•ï¸,1
Condividete,1
Dite,2
MengoniLive2019,1
ğŸ•ï¸ğŸ˜,1
DisonorevoleğŸ˜‚ğŸ˜‚ğŸ˜‚ğŸ˜‚ğŸ˜‚ğŸ˜‚ğŸ˜‚,1
HAHAHAAHAAHHAHAHAHA,1
Belle,2
Ronaldo,8
Cup,4
Leonardo,2
Vinci,1
ğŸ˜ƒğŸ˜ƒğŸ˜ƒğŸ˜„ğŸ˜…ğŸ˜…ğŸ˜…ğŸ˜…ğŸ˜…,1
Negli,1
Uniti,1
Pepsi,1
Mannaggiâ€¦,1
CORSO,1
PRODUZIONI,1
AUDIOVISIVE,1
MULTIMEDIALI,1
BAMBINI,1
L'autrice,1
Luisa,1
Mattiâ€¦,1
SimonettiEmma,1
Gruppo,1
T.,1
Kennedy,1
B.,2
LucaSpatocco,1
WOW,1
CHANYEOLS,1
SHSJSKAK,1
Ritwittiamooooooo,1
Zerocalcare,2
Musulmano,1
Ari,1
Radiatori,1
Cordivari,1
ThankGodItsFriday,1
Pasina79,1
..intanto,1
Rip900,1
Romanticismo,1
Ischia,1
Niente,1
Profumo,1
Vengo,1
PirroElisa,1
Congratulazioni,1
Nallave,1
Gabriel92696586,1
KimKardashian,1
Scappa,1
NadiaZanelli1,1
DarioBallini,1
Rai1,1
CameraPenaleRM,1
Prescrizione,1
CMPlacanica,1
ChiVuoEssereMilionario,1
S06E07,1
House,1
Cards,1
ScaldoPanchine,1
Giuditta_legge,1
BreveMente,1
RoccoGiardullo,1
Editriceâ€¦,1
LiberatoFrasca,1
BUFALARI,1
Siete,1
RESTO,1
CARLINO,1
Pensarsi,1
ARitmoDelCuore,1
DBasili,1
Genn,1
HAHAHAAHAHAHHAHA,1
La_Bianconera,1
GianricoCarof,1
ACoruÃ±a,1
Galizia,1
SantiagoDeCompostela,1
TorrediErcoleâ€¦,1
StarfishStls,1
Gay,1
Honour,1
LGBTQ,1
Advocate,1
Fiera,2
ğŸ³ï¸â€ğŸŒˆ,1
FroioPietro,1
Libellula51,1
Spettacoli,1
Chioggia,1
Pro,1
Loco,1
Boh,1
MANCA,1
POCO,1
BLACKFRIDAY,1
Visitando,1
E_Silvestrin,1
EndemolShineIT,1
StudioSocialM,1
âœï¸,1
SMM,1
Capri,1
DelPiero,6
âš½ï¸,5
ğŸ…,5
Mondiale,5
Germania2006,5
â­ï¸,5
HallOfFamâ€¦,5
Sea,2
ğŸ”¥,1
Scende,1
SpelloBC,1
Stiamo,2
Girolamo,1
ARRIVATI,1
SukmaHapsari,1
Ngerti,1
MusnahkanBuayaSosmed,1
Selena,1
StartupWeekend,1
CharlesManson,1
Medico,1
Risate,1
OFFICIAL,1
ğŸ“·,1
EP.9,1
SEMIFINAL,1
Loopy,1
Simon,1
Dominic,1
SMTM777,1
ì‡¼ë¯¸ë”ë¨¸ë‹ˆ777,1
Istat,2
Official,1
SSC,1
LuciTheWeirdCat,1
Quanta,1
DILUVIA,1
CROLLATO,1
MURO,1
SANTA,1
MARGHERITA,1
DERAGLIATO,1
TRENO,1
PRINCIPE,1
VENERDÃŒ,2
MERDAâ€¦,1
Maggio,2
Musicale,1
Audizioni,1
PRIMO,1
CLARINETTO,1
MaNi,1
Patrimoniale,1
SanofiIT,1
AIWorklab,1
Sanofi,1
Uwâ€¦,1
Leggenda,1
Campione,1
Esempio,1
Birthday,1
Signore,1
UEâ€¦,1
Cavani,1
Edi,1
Goodbye,1
Kiss,1
YouTube,1
GeorgeNicu4,1
yianniseinstein,1
RavadgarP,1
fabwrongnumber,1
ReliveRR,1
BertrandVâ€¦,1
RegioneLazio,1
Expo,1
Salus,1
Fierâ€¦,1
Animali,1
Fantastici,1
Crimini,1
Grindelwald,1
Violeta,1
Hahaahahahaa,1
Biancorosso,1
Camilli,1
Cretella,1
Ostia,1
NOI,1
Claudia,1
Gerini,1
Federica,1
AttivitÃ ,1
Cassazione,1
Cervo,1
VabbÃ¨,2
VSFashionShow18,1
Hellaslive,1
EICMA2018,1
ğŸğŸ,1
SERVIZIO***,1
Causa,1
Saremo,1
Creeremo,1
Sapete,1
Hsajhsjsjsjshshhshshshshshshshshhdhdhdbdhshshsbsbsjhshshsjsjsjdjdjdjjd,1
EVANGÃ‰LICO,1
UMA,1
PIADA,1
Micheledg89,1
Eddie,1
ğŸ˜ğŸ˜ğŸ˜ğŸ˜,1
Chiediamo,1
Rimane,1
Severo,1
LeggeDiBilancio,1
Montecitorio,2
Tria-,1
MEF_GOV,1
Commisâ€¦,1
Young,1
Jones,1
EXCLUSIVEPREVIEW,1
DAREDEVIL,1
CharlesSoule,1
Marvel,1
Raga,3
SLOBALBO,1
Musumeci_Staff,1
RosyG14305576,1
Un'esperienza,1
PagellaPolitica,1
Nei,1
SergioCosta_min,1
Bei,1
Lo25252,1
Lanciando,1
Milanello,1
MyMoodOftheDay,1
Sul,3
Sindaci,3
Rosanna,1
Tarricone,1
Dipartimento,1
Analisi,1
Politiche,1
Management,1
Pubblico,1
Bâ€¦,1
SKSJJSKDJDJ,1
VittorioSgarbi,1
Ermal,1
RestitutionDaâ€¦,1
AvvPaoletto,1
KelleddaMurgia,2
D'altrone,1
CamerePenali,1
EmmaMonella,1
Follower,1
ğŸ’‹ğŸ‘…,1
volete,1
PUOI,1
SCRâ€¦,1
Dr.,1
Antonio,1
Abitabile,1
RETWITTARE,1
POSSIBILE,1
GRAZIE,2
++,1
FIFA,2
ğŸ‘‰,1
FIFADown,1
Jugoslavia,2
Viene,2
Ponte,2
Moâ€¦,2
Raiofficialnews,3
zecchinodoro,1
Circolo_Lettori,1
CasaManzoni,1
ALE,1
MemoriesGhost,1
Ghost,1
ASD,1
â¤ï¸â¤ï¸â¤ï¸,4
Ruby,1
Ognuno,2
Ale_e_sto,1
TG1,1
Antonio310898,1
GFvip,1
PerSempreNa,1
PSG,1
Camera,3
Patto,1
Nazareno,1
Pd,1
ForzaItalia,1
ğŸ˜«ğŸ˜«,1
LegaBuccinasco,1
Giovani_Alb,1
Muro,2
Migliaia,1
Calabria,1
ANPALgov,1
Emâ€¦,1
IsabelLefevre,1
DerGu27,1
ESCLUSIVA,1
+++,1
Perna,1
GranatoÂ©ï¸,1
Leclerc,1
Emanuele,1
XF12,2
HAHAHAHAHAHAH,1
ApperÃ²,1
LoPsihologo,1
GenitorialitÃ ,1
Carlos,1
Barahona,1
PossolioğŸŒ¹ğŸŒ¹,1
Essere,1
Jordi,1
Doce,1
ScrivoDiOmbre,1
Donnâ€¦,1
Abbracciamoci,1
VictoriasSecret2018â€¦,1
LucaPancalli,1
Coppa,2
xche,1
Visto,1
Michele,1
Ruccuglia,1
Occorre,1
Aâ€¦,2
ChissÃ¡,1
FikryYoung,2
Malaysia,2
HOTT,2
Hahhaah,2
KARDinMalaysia,2
KARD,2
LazadaWildKard,2
AccaddeOggi,2
CondividiLaCultura,2
ğŸ“š,2
MurodiBerlino,2
SardegnaAlMare,1
Zafferano,1
Sardegna..,1
Oro,1
PauSMM_,1
FarÃ ,1
Bergonzi,1
Cerioli,1
Partnership,1
FCA,1
Silvio,1
Gentile,1
Utility,1
Arcangelo,1
Corelli,1
â™ª,1
â™«,1
VideoClips,1
PlayList,1
â—˜,1
Esattamente,1
Mov5Stelle,1
ALTRI,1
PARTITI,1
POSSONO,1
FALLâ€¦,1
RadioAirplay_it,3
Ignoranti,1
TeresaDeMasi,1
PerÃ²,2
GiuseppeMiscia,1
ScorrimentoTotaleGraduatoria,1
GovernoDelCambiamâ€¦,1
BELLAğŸ˜­ğŸ˜­ğŸ˜­ğŸ˜­ğŸ˜­,1
Gourmet,2
Rustica,1
Ricetta,1
RicettaDelGiorno,1
GGRecchia,1
Juve1897no,2
Alex,3
Roberto,2
_Que19_,1
VinDollar016,1
Palmela,1
Handrea,1
Trentino,1
Zurigo,1
Winston,1
Churchill,1
Europe,2
Unitiâ€¦,1
AngelaMascolo6,1
Pannelli,1
AlqamahPost,1
Alcamo,1
Aumentate,1
Macaddino,1
Uil,1
Angelmoon98,1
Impressionante,1
Milwaukee,1
Warriors,1
BoschMirnAngela,1
Citazione,1
IKEA,1
Margherita,2
BrunoScicchâ€¦,1
ASs_MVlick,1
MbettÃ¨,1
CryMeAnEXO,1
Chanyeolsjksjsksjsk,1
CHANYEOL,1
CON,2
OCCHIALI,1
AMO,4
AnceMilano,1
Carlo,2
Bazzi,1
RED,1
Varese,1
FIDEC,1
Fidec5,1
Erasmus,1
Plus,1
Stampa,1
=,1
Completano,1
Vicolungo,1
CastelGuelfoâ€¦,1
Tuttosport,1
Belotti,1
Samp,1
Avy107,1
JCPinSomerset,1
Caffe,1
Nero,1
Street,1
Info/Apply,1
SomersetJobs,1
FFreedâ€¦,1
SpursOfficial,1
Maestro,1
COYS,1
IsoardiSalvini,1
ArgentoCorona,1
AlbaLuca,1
Gazzetta,2
Soriano,1
Radio3tweet,1
Jobs,1
Costituzionaleâ€¦,1
Fregene,1
Lucaâ€¦,1
TRA,1
MESE,1
ESATTO,1
L'ALBERO,1
NATALE,1
ğŸ˜œ,1
Philo1936,1
MazzaliP,1
Infatti,1
MeMb90,1
DIO,1
Mano,1
Cambiare,1
Desenzano,1
MengoniCheTempoCheFa,1
RaiUno,2
Whitaker,1
WilsonFisk,1
Daredevil,1
Mau_Romeo,2
Emozioni,1
Retweet,1
Dakini,1
ğŸƒBelleza,1
ğŸ‡¨ğŸ‡´,1
ğŸ’‹CDMX,1
ğŸƒContacto,1
ğŸƒğŸŒ¸,1
ğŸŒ¸ğŸƒ,1
miliardari,1
YasminGArbis,1
HAY,1
AMBOT,1
HAHAAHAHAHAHHAAHAHAHAHAHAHAHAHAAHAHAHAHAHAHAHAHAHAHAHAHAHAAHHAAHAHAHAHAHAHAHAHAH,1
L'ondata,1
Alpi,1
Goat,1
Labbufala,1
VicinanzaL,1
Maremma,1
MarcoMengoniApp,1
VoglioDay,1
TheWinterLight7,1
Olivia,1
Gobetti,1
Amanda,1
Cass,1
PerleDâ€¦,1
Arthur,2
Schopenhauer,1
Importanti,1
FrancBusinarolo,1
M5S_Camera,1
RadioRadicale,1
Furto,1
Commerciale,1
Latina,2
Fiori,1
Bimbo,1
S,1
P,2
R,2
Ami,1
AIexDeI,1
Fabiana,2
Chiusa,1
Saint,1
Nicolas-Cerellaz,1
Mariarosa,1
Loddo,1
Orientale,1
Silvia,1
Vincenza,1
D'Orazio,1
Uâ€¦,1
Zazzers,1
ğŸ¤£,2
DonneSeparate,1
Nadia,1
Vera,1
Contattatela,1
CLUB,1
MOGLI,1
SEPARATE,1
SassuoloLazio,1
Riguardare,1
FedeAngeli,1
MontBlanc,1
Jena,1
Casaleggio,1
Sudamerica,1
NY,1
BIGGEST,1
UWU,1
Armadillina,1
Tav,1
Torinoâ€¦,1
AlexSanna8334,1
Ribadendo,1
Isoardi,1
Gruber,1
Partito,1
Lasagnetta,1
Faâ€¦,1
MaxannaL,1
yukvon,1
MotherJones,1
MarkHelenowski,1
MoveOn,1
BeauWillimon,1
Susan_Hennessey,1
Cincinnati,1
Ohio,1
CULTE,1
OMGGGGG,1
EDDY,1
PRETTO,1
Bicchiere,1
Bordeaux,1
Arriviamo,1
ClimtEastwood,1
Facebook,3
Aphex,1
Twin,1
Fazio,1
Eliana,1
Foggia,1
Ahhh,1
DamienKempf,1
Cat,1
Ulisse,1
Aldrovandi,1
ğŸ˜ğŸ’ƒ,1
Regali,1
AO,1
Smottamento,1
Regionale,1
Cibiamoci,1
Festival,4
Patiliyo,1
Mesai,1
Parole,1
CUORE,2
RiccardoCiccar6,1
Qualcuno,3
Sarah,1
Hahahhaha,1
Quale,1
SalonePagamenti2018,1
Avvistati,1
Mosetti,1
Alessio_90__,1
LaDeny_,1
L'Avvenire,1
Paolamilf,1
Mio,1
Tirate,1
CaravanaMigrante,1
CittÃ ,4
Messico,1
Queretaro,1
EdiPrevis,1
ADOTTA,1
SALLY,1
ğŸ¾â¤ï¸,1
Oppaaa,1
Cibo,1
Pace,1
Sincronizziamo,1
ACCESSORIO,1
SUPPORTO,1
PATTUMIERA,1
ANTA,1
CUCINA,1
Andy,1
Warhol,1
Tg1,1
Alzata,1
PALLE,1
LUISA,2
MOGLIE,1
ZOCCOLA,1
ğŸ©,1
Champions,1
ğŸ“½,1
Rivediamola,1
Beneventano,1
Libera,1
Basilicata,1
GOT7_italia,2
Choi,1
youngjae,1
PreziosaGemma,1
LaReginaPinella,1
Apple,1
Pencil,1
ğŸ’“,1
Aspetto,1
QUESTA,1
Filippo,1
Ele,1
Skamitalia,1
Siviglia,4
Puerta,4
Nervâ€¦,1
Cassino,1
Operazione,1
ScrivoArteâ€¦,1
AestheticsItaly,2
Basilica,2
Vitale,1
Ravenna,1
AHAHAHAHAHAHAHAHAHAHAHAHAHAHAHAHAHAHHAHAHAAHHAAH,1
OsmanBakayy,1
Baratta,1
CarloRipadiMeana,1
Biennaâ€¦,1
NatangeloM,1
Fatto,1
Quotidiano,1
JKUFCNORTHLUZON,1
KarlosLabajo,1
Vote,1
JKFam,1
Macerata,1
NiccolÃ²,1
Martino,2
Spiace,1
MilanJuventus,1
DeborahPagni,2
Einardi,2
Malcomess,1
VannaRicci,1
Michele_ADAPT,1
ProfessionalitÃ ,1
Eurosport_IT,1
Didier,1
Drogba,1
ğŸ™ğŸŒâš½,1
â–º,1
SabrinaSalerno,1
Seduta,2
JB_ItalianCrew,1
Altro,3
Justin,1
Bieber,1
Hailey,1
Baldwin,1
Markus70,1
ReferendumAtac,1
Atac,1
Fate,1
PassaparolağŸ™,1
Origins,3
Dagherrotipo1,1
AspÃ¨,1
Mantegna,1
Ercole,1
Anteo,1
Veniteâ€¦,1
TEHAClub,1
BorzattaP,1
TEHA,1
Giuseppe,2
Puttini,1
AIDC,1
Consigliere,1
CNPADC,1
AntonioD_79,2
AmazonIT,2
Prenotali,1
Insegnamenti,1
RailwayEmpire,1
DLC,1
Twitterâ€¦,2
Immagina,1
Inganna,1
Carai,1
Shet,1
HAHSHSHSHAHAHAHAH,1
AHAHAHAHAHAHA,1
Ventimiglia,1
Genova,4
Voltri,1
ASSOCARTA,1
Ecomondo2018,1
Plastica,1
plastica,1
SoftecoSismat,1
Digital,1
Verna,1
EnVent,1
DAL,2
SUO,3
SCRANNO,1
PUO,1
ğŸ€ğŸ°ğŸªğŸµï¸ğŸ’®ğŸŒ¸ğŸ¼ğŸ’™ğŸ’,1
Angelini,1
Raticosa,1
GovernoDelCambiamento,1
Saudita,1
Yemen,1
Quintorigo,1
NDSJDHSKAASNJSJS,2
Xfactor12,1
LeoGassmann,1
xfactor,1
Salvini-M5S,1
Lega,2
FullMoonInTDark,1
Pasino,1
ğŸ‘€ğŸ‘€,1
Domenico,3
Merli,1
PauDybala_JR,1
FMinardi78,1
EmployersDay,1
ANPALSeâ€¦,1
Liberatemi,1
Empa,1
Tenuta,3
Evacuazioni,1
FireDevil,1
Campfire,1
Paradise,1
DELICIOUS,1
FJSJSJSNSNBS,1
Semplice,1
EX,1
LSU-ATA,1
Rosgye,1
__endridi,1
ECCOMI,1
Li,1
Insanifique,1
IscooQN,1
Mojin_,1
Ultimouomo,1
L'analisi,1
ğŸ’¬,1
ALDUBAllinThisTogether,1
Â©,3
Cade,1
Fortunato,1
Dale,2
-â€¦,3
Angela,1
Finocchiaro,1
Celebrazioni,1
Secoloâ€¦,1
Sapevi,1
MargheritaSarfatti,1
Ã¨â€¦,1
ElPÃ¡jaroDeLaAutopista,1
Â¡JAZ,1
TATTO,1
Nuovo,1
DecretoSicurezâ€¦,1
Interprete,1
Tg3,1
CIRMiB,1
Brescia,2
Avanza,1
Settembre,1
Fall,1
River,1
Siberia,1
Terzo,1
Fondo,1
F2i,1
Miliardi,1
Immagini,1
ğŸ’¿,1
ğŸ‘ŠğŸ»ğŸ“²,1
Dalle,1
Rai3,1
Ministerâ€¦,1
Preparate,1
PlayStationVR,1
FirewallZeroHour,1
VILLANO,1
PRIMERA,1
Anime,1
Certain,1
Magical,1
Index,1
III,1
EnricoRava,1
JoeLovano,1
TheodoreRoosevelt,1
USA,2
ManifatturaMi,1
EuropaLeague,1
Grande,1
Marsiglia,1
Parolo,1
Correa,1
Inzaghi,1
Brasile,1
Interlagos,1
Party,1
Green,1
Active,1
Supportive,1
Incontro,1
ILOVEJEONJK,1
BAHAHAHAHAHAVVAJEKDJSJDJSIBDJDBS,1
Tronchetti,1
Provera,1
Afef,1
Pausa,1
Minou,2
urgente,2
A/D,2
Hill,2
NessunoComeNoi,1
BenecomuneNet,1
Muroni,1
RAK,1
METROPOLITAN,1
Metropolitan,1
PaoloZenga,2
GEORGE,1
SOROS,1
SALVINI,1
Putin,1
FERMI,1
HSHSHAHAHAHAHAHA,1
WHY,1
Giorni,1
EvolutionTravel,1
Quand'Ã¨,1
Veneto,3
Luca,1
Zaia,1
Ilaria,1
Venturini,1
Fendi,1
CarminaCampus,1
Casali,1
Diritti,1
Casa_donna_Pisa,1
FermiamoPillon,1
L'Affido,1
DDLPillon,1
Calci,1
Vicopisanoâ€¦,1
SkyRacingTeam,1
Ombrelline,1
Sepang,1
ğŸŒŠ,1
Ocean,1
Rescue,1
ğŸ‡²ğŸ‡¾,1
SkyVR46Mal,1
Nina,1
Moric,1
Corona,2
Leggi,1
HAHAHAHHAHAAHHA,1
HAYP,1
ğŸ˜‚ğŸ˜‚ğŸ˜‚ğŸ˜‚,3
MANO,1
Designer,2
Meritocracy_is,1
Competenze,1
Rebecca,2
Gustave,2
Klimt,2
Albero,2
Mr_Ozymandias,3
Richard,2
Feynman,2
Bonus,1
Dicembre,1
Sii,1
Contattami,1
ğŸ“²,1
PARADISO,1
AMICI,1
Scheggia,1
Impazzita,1
ArsenaleK,1
moglie,2
McEwan,1
Pioga,1
IV,1
Bel,1
Sit,1
Danilo,2
Vizzini,1
Bella,3
FratÃ¨,1
Calcestruzzo,1
Piacenza,1
Luigi,3
Coppola,1
Monica,2
Bellucci,1
BTS_ITALIA,8
Smart,1
Uniform,1
V~,1
Saverio,1
Merola,1
Elia,1
Jane,1
Mariva2000,1
Casear_Iulius,1
KMigrane,1
Elio25578648,1
Ns,1
CAPITANO,2
Lascia,2
UOLTER,1
WELTRONI,1
SCOMMETTE,1
GOVERNO,1
SUOI,1
CONTI,1
Ce,2
Arpat,1
FidanzaCarlo,3
Boldrini,3
UNHCR,3
Berlusca,1
GIOVANNI,1
PATRIMONIO,1
NAZIONALE,1
VAJNDKXXKXJX,1
SO,1
CUTE,1
AVJSJDJDJDJD,1
Hahahhaa.ğŸ˜ğŸ’–ğŸ™ŒğŸ’¯,1
DonKissOnIKnowRight,1
Netflix,1
â¬…ï¸â€¦,1
SantinomySm,1
Grazieeee,1
Djhalm_spraah,1
Sprrr,1
MoVimento,1
InterBarÃ§a,1
QuesturaDiRoma,1
Primavalle,1
Armati,1
Pasquale,1
II,1
Rb_Bat,1
Bussetti,1
Asi,1
Servizio,1
Comeiro,1
Gallarate,1
SexxxDealer,1
Ascenso,1
Deseo,1
EnzaToro53,1
Blog,1
Nellaâ€¦,1
Mille,2
Wolfgang,1
Fisher,1
Minuto,1
Styx,1
GigiHadidIT,1
Ahahahah,1
AdUmbria,1
ComuneNarni,1
Figlie_EXO,1
NEWS,2
Dettagli,1
Season,1
Uscita,1
Nov,1
Include,1
Confezione,1
Calendario,1
S_Carioni,1
NaoRobot,1
KKE,1
JE,1
DAY6,1
JAE,1
YOUNGK,1
JAEHYUNGPARKIAN,1
ë°ì´ì‹ìŠ¤,1
ì œì´,1
ì˜ì¼€ì´,1
DAY6fanart,1
Partecipa,1
Battle,2
Giveaway,1
Bagni,1
Modena,2
GDP,1
Africa,2
China,1
Tim,1
Confag_Brescia,1
Piano,2
No,3
Bellarabi,1
Max,1
ValentinaGozzi2,1
Gente,2
L'espresso,1
EllyBarbolini,1
Appena,1
ParonBarbara,1
Ferrara,1
Prâ€¦,2
Microsoft,1
Plumbeer89,1
Spider-Man,1
RomArt,1
Portale,1
Artisti,1
Romani,1
Kasia,3
Giusto,1
Comunque,2
APPROVATO,1
DECRETOSALVINI,1
Suprema,1
Garfias,1
Morelia,1
ğŸ˜ğŸ˜ğŸ˜,2
Juventus_Fr,1
âšªâš«ğŸ‚,1
SimoNobilini,3
NerviÃ³n,3
Anâ€¦,3
AntonioMarconi4,1
Renzi,4
C'Ã¨,2
Comitato,1
Ordine,1
JAJXJJSJSJSSJ,1
Pontina,1
AllNews24,2
Controlli,1
Aveva,2
EleMaBo,1
Accursio,1
Incontri,1
Masterlega,1
FantaPeloritano,1
SFT,2
TrastevereRM,1
Ottantesimo,1
Cristalli,1
FilcaCisl,1
Abusivismo,1
M5S,1
Dovevi,1
Geniale,1
IUSVE,1
VascoRossi,1
KSKSJSKK,1
QuanteStorieRai,2
RaiTre,3
RobertoMaroni_,1
Ancelotti,5
Strano,4
HuffPostItalia,1
LouFerrignoFCIM,1
Gasperini,1
Porti,2
GHITMedia,4
KSKDKSJSJD,1
SHSJSO,1
Mario34mg,1
Lei,2
Conchita,1
Sannino,1
CosÃ¬,3
Incommentabile,1
Sally,1
Lorenzo60952594,1
Imola,2
Informatica,2
Fedez,1
VIDEO,1
â–¶ï¸WEBSITE,2
Urka,1
Bisognerebbe,1
Smutniak,2
Zer0Tituli,2
Paese,2
â‚¬,4
Ioga,1
ğŸ§˜â€â™€ï¸ğŸ¤¸â€â™€ï¸,1
Portopalo,1
Capo,1
Passero,1
Spiaggia,1
Sicilia,1
SiciliaBedda,1
Quindi,1
Giggino,1
IAmJamesTheBond,4
L'ISIS,3
Ucciso,3
HhahaahhaHAHAHAHAHAHAAHHAAH,1
DICIAMOGLIELO,2
CHI,2
ERAVAMO,2
POTREMMO,2
RITORNARE,1
LinoGuanciale,3
AlessandraMastronardiâ€¦,1
Avete,1
Vorrei,2
Salmo,2
EL10juve,1
Q.I,1
ğŸ¥‚ğŸ’,1
AngeloTani,2
INUOVIIDIOTI,1
ğŸš¨ğŸš‘,1
Nata,1
Raineri,1
Marra-Rasputin,1
Raggi,3
Droga,1
Palazzi,1
Grimaldi,1
Mastercard,1
Simeri,1
Crichi,1
PD_ROMA,1
SÃŒ,1
ReferendumAtaâ€¦,1
QuanteStorie,1
AIRC_it,4
RAI,1
AIRC,1
Premio,2
Lorenzo,2
Val,1
Comunicati,1
Stampâ€¦,1
Silvana,1
Streniz,1
Ultima,2
DiarioDiBordo,1
Renault,1
Zoe,1
R110,1
CremaschiG,2
..alla,2
ATAC,2
NOâ€¦,2
Nostro,1
GiCMR,1
NAO,1
Focus,1
EP,5
Anitta,5
BuonaserağŸŒğŸŒğŸŒ,1
Tralasciando,1
Gentarou,1
___iik_,1
FrfuscoFf51,3
ANCHE,2
MADRE,1
DISTRUGGE,1
MIEI,2
SOGNI,1
BTS,1
Quotidiana,1
RIMOSSO,1
INCARICO,1
PRESIDENTE,1
DELL,1
AGENZIA,1
SPAZIALE,1
ITALIANA,1
Asini,1
SALâ€¦,1
Prefiero,1
xavierdaniel999,1
Confrontation,1
Alexander,1
Nerozya,1
NO,1
AleChinellato,1
Grazia,1
Delâ€¦,1
Ri_Ghetto,1
Cristiano,1
Malgioglio,1
Nico6410,1
Cronaca,1
Castellammare,1
Rubava,1
LEGGI,2
Khalilâ€¦,1
MrAncelotti,2
MaryCurl2,1
AHAHHAHAHAHAHAHAHAHHAHAHAHAHAHAHHAHAHAHAHAHHAHAHAHAâ€¦,1
Accusano,1
Scruton,1
Begg,1
Qualcosina,1
ğŸ˜,2
ğŸ‚ğŸ‰,1
Strozzi,1
Marina,1
Abramovic,1
Opera,1
AriannaCarpiFansClub,1
Infantil,1
B,4
SMPilarmadrid,1
ğŸ˜­,1
MarcoLXIX,1
Conoscendola,1
Payvolution,1
Criptovalute,1
Quali,1
Salâ€¦,1
Villa,2
Nani,1
Mocenigo,1
Canda,1
Polesine,1
Quest'ammasso,1
MichaelMoore,1
CB_Ignoranza,1
Compie,1
Del,5
MarikaS,1
Capelvenere1,1
Nuotare,1
Raffaele,1
Capria,1
Basilico,1
Ezra,3
Miller,3
Parigi,3
DAVVERO,3
CE,3
LO,3
MERITIAMO,3
.ho,1
M73Diego,1
GiuseppeDrago76,1
MagaMerlino,1
Pernigotti,1
Arianna,1
Freâ€¦,1
BarillariM5S,1
SÃ¬,3
Charruas1516,1
Febbraio,2
Kzl,1
mente,1
AHAHAHHAHAHAHAH,1
Sappiamo,1
BiagioDivenuta,1
Verso,1
AlessandroDelPiero,1
SOLO,1
CAPITANOâ€¦,1
Nabayitta,1
Baffa,1
AlooooğŸ˜‚ğŸ˜‚ğŸ˜‚,1
Dona,3
Diego,2
SclerosiMultipla,1
SM,1
Apri,1
Sant'Oronzo,1
Leonessa1964,1
MaurizioDebanne,1
RDC,1
Ebola,1
Nigeria,1
SS,1
Sviluppo,1
Economico,1
Prof,1
Geraci,1
India,1
Angeloni,1
DG,1
SP,1
MAECI,1
Vincenâ€¦,1
RuggeroDeodato,1
JunjiIto,1
DaveMcKean,1
Masters,1
Horror,1
L'illustrazione,1
Ito,1
Frankensteinâ€¦,1
LauraPausini,1
BiagioAntonacci,1
Presto,1
Parafrasando,1
Ungaretti,1
Brasil,1
TorinoFC_1906,1
VirginioNero,1
Temet,1
Nosce,1
Conosci,1
RISCHIAMO,1
TizianaBtz,1
SexyConsolata,1
Matura,1
Blu,1
Verde,1
ULTIMIGIORNI,1
FRANCO,1
BERALDO,1
Oltre,1
CC,3
DIMAIO,1
SCARICA,1
VIRGINIA,1
RAGGI,1
QUANTO,1
RIGUARDA,1
IO,2
CONOSCO,1
L'ESITO,1
PROCESSO,1
NOSTROâ€¦,1
GhitaIacono,1
Veltroni,2
CaBarbati,1
CUN,1
Riempire,1
CARLO,2
Conservo,2
CScientifica,1
JosyOliiveira,1
BOM,1
DIA,1
HAHAAHAHAAHAHA,1
Telecom,1
Parla,1
Mele,1
MichelePierri,1
BPDumpster,11
Orgoglio,1
Italiano,1
VeneziaDigitale,1
PON,1
Metropolitane,1
Europea,1
AvantiLaura,1
Segui,1
Siracide,1
Gritalo,1
Chino,1
Cerchiamo,1
Cancro,1
Mandate,1
Pontifex_it,2
Cristo,2
GesÃ¹,3
Salvezza,1
LiaQuartapelle,1
Regno,1
Unito,1
L'uscita,1
FusionePolitica,1
DionisioMinerva,1
Probabile,1
Milan-Juventus,1
ğŸ¤¦ğŸ»â€â™‚ï¸,1
NonEvoluto,1
Milanistiblog,1
Splendidi,1
Paglio,1
Gigantissimo,1
GFVip,1
Victoria,1
Nives31682881,1
Rilke,1
TELADOIOLANIUS,1
Cappella,1
Sistina,1
JuvMUFC,1
GipsyMonkeyMeg,1
Isola,1
Nono,2
Astro,2
Irareza,2
GiovedÃ¬,1
PieraHsc,1
LE,1
PERLE,1
WEB,1
Morri,1
HAHAHAHAHAHAHAH,1
GiannettiMary,1
Radicchio,1
Verona,1
IGP,1
Photo,1
Giordano,1
RIADATTATA,1
PERCâ€¦,1
ModalitÃ ,1
Bertrandâ€¦,1
Porter26659692,1
LITEU,1
Verissimo,1
FAZIO,1
Imperia,2
SarÃ²,2
BuongiornoğŸ˜˜â¤,1
CondominioDiScrivoArte,1
Svegliati,1
Caro,1
Massimo,1
Capodanno,2
WEBSITEÂ’incidente-di-Capodanno,1
AthinaGkila,1
L'etÃ ,1
BuongiornoATutti,1
Asclepius,1
Rome,1
Fu,2
Prendete,1
Cattivoni,1
PremioManzoni,1
Dacia,1
Maraini,1
Sepulveda,1
Fabrizioâ€¦,1
ItalianAirForce,1
FrecceTricolori,1
T346A,1
Eurofighter,1
Reparto,1
Sperimentale,1
Volo,1
Medio,1
Orienâ€¦,1
BSaltamartini,2
Dell'unica,1
CiviltÃ ,1
Universale,1
Imperium,1
Roma-Rinascimento-Fascismo,1
CuriosidadesEU,5
Copa,8
Rivasi68,1
Ennesimo,1
AlteaFerrari,2
EVVAI,1
VENERDI,1
SIA,1
SPECIALE,1
TUTTIğŸ˜˜,1
AntonioSocci1,4
Novecento,4
D.Pennac,1
ParadisoDegliOrchi,1
VentagliDiParole,1
F.Scianna,1
Ãºnico,1
CarlaSicuro1,1
Scusa,1
ğŸ˜¡ğŸ˜‚,1
QUOTIDIANO,1
SUD,1
ARCHIVIO,1
STATO,1
ORE,1
CURA,1
PAOLA,1
ABENAVOLI,1
Bo,1
SpettinatiPisa,1
Pisa,1
Dirittiincomune,1
RovescioMed14,1
EmpfindsamerS,1
D77eo,1
Giandom84354994,1
PLopalco,1
ElenaMarilynchâ€¦,1
ELIA,2
PARLA,2
QUELLO,2
JANE,2
Addirittura,2
UGLNazionale,1
Segretario,1
Generale,2
Sindacato,1
Signori,1
Dedicato,1
Soloni,1
Matteotti,1
Anzio,1
Amici,1
Quella,1
Romano,1
PerleDiPensierâ€¦,1
Politecnica,1
Ecomondo,4
ClimateKICItaly,1
ğŸŒ,1
GlobalClimathonâ€¦,1
Frank63710636,1
Ridiventano,1
Gnegnyna,2
Iba,1
-profondamente,1
SBS,2
POWER,1
FM,1
TWICE,1
íŠ¸ì•„ì´ìŠ¤,1
ë¯¸ë‚˜,1
ãƒŸãƒŠ,1
MINA,1
SERENO,1
GIOVENDI,1
TUTTIğŸ’•ğŸŒ»,1
Insieme,1
ğŸ˜˜,1
HAPPY,1
DAY,1
YAâ€¦,1
Credo,1
Arezzo,1
Tancredi,1
NOLA,1
Divisione,1
GdF,1
VIRGILIO,1
POMPONI,1
Procura,1
LaValigiaDiAnna,1
Lite,1
MarioGiordano,1
LauraBoldrini,1
Berlinguer,2
Acidelius,1
George,1
Soros,5
Conferenza,1
Monaco,2
Ucraina,1
Unioneâ€¦,1
LaCris297,1
Ludovico,1
Moro,1
Cena,1
Diciamo,1
Dr_MatteoGalli,4
BUON,3
GIORNO,3
VOI,3
ğŸ‘ŒğŸ•ºğŸ˜€,3
Darth,1
Vader,1
TAV,1
MaximumWarpart,1
ã€,1
CesareDiCintio,1
Condivisibili,1
Thomas,1
Bach,1
Cio,1
Hahahahahahahahahahahahahahqhaha,1
Compleanno,1
Bianconero,1
ADP10ğŸ´ğŸ‚,1
KsiazeMarek,1
DanielBrami1,1
Pablo,1
Picasso,1
H.,1
Notizie,1
Chiesa,1
LeRagazze,1
â¤ï¸â¤ï¸,1
Back,1
Clicca,1
LAVORI,1
RETEGAS,1
CHIETI,1
VIA,1
RIFACIMENTO,1
SEGNALETICA,1
ORIZZONTALE,1
Croce,1
Teramo,1
Caâ€¦,1
ExpoSalus,1
GPManzella,1
Quintino,1
Sella,1
InternoPoesia,1
Anne,1
Sexton,1
Giornalista,1
RICA,1
WERA,1
CaradeTortilla1,1
PichonesV,1
Prenota,1
Naplesuite,1
Via,1
Basiâ€¦,1
APPROVATA,1
LEGA,1
NicolaMolteni,1
Alessandra,1
Mastronardi,1
Stregata,1
Portiamo,1
AsiaBibi,1
Quirinale,1
ItalyMFA,1
ChangeItalia,1
PaoloColantoni,1
Corâ€¦,1
Bruxelles,1
Consiglio,1
Ministri,1
Commercio,1
CrazyLe_on,1
Sarebbe,1
Invece,1
Pranzo,1
ğŸ¥”,1
MissEstelle5,1
ğŸ‘‡ğŸ¼,1
ARMY,7
ğŸ‘€,8
Ai,7
Genie,7
Music,7
Awards,7
JIMIN,7
JDJDKSFHSKDJSKDJSKSJDKSJ,1
Beh,1
Sardexnet,1
Workshop,1
SardexBisoo,1
ğŸ˜©,1
Mooolt,1
CENTXCENTBCN,1
BCNLlibres,1
DAZN_IT,1
Benvenuto,1
DAZN,1
Canelo,1
Rocky,1
Fielding,1
ğŸ’¥,1
DAZNxCanelo,1
Mario,1
Draghi,1
Rachele,1
Roby,1
LSaliccia,1
MassaroPiet,1
MarcelloSorgi,1
StefanoColetta2,1
Evviva,1
Merito,1
Collegateviâ€¦,1
Davvero,1
Community,1
Shield,1
Trofeo,1
Biagio960,1
Horse,1
Giovanni,1
Segantini,1
GAM,1
â€”â€”,1
Note,1
Cavallo,1
Videogiochi,2
NIS,2
America,2
ProjetoAnittaBR,2
Purple,2
Miami,2
Imagine,2
Dragons,2
ORIGINS,2
Morte,1
Ngo,1
Dinh,1
Diem,1
Generazioni,1
NotGiuliaV,2
Viminale,1
ViminaleInforma,1
Behati,1
Prinsloo,1
GiulianoESimonetta,1
Lorenâ€¦,1
Zucchine,1
ğŸ˜‹,1
Lorena06144091,1
Devi,1
Supermodel,1
Colonne,1
Follina,1
Scopriteâ€¦,1
IleGuanciale89,1
Stavo,1
Lino,1
â¤ï¸ğŸ”¥ğŸ’¥,1
Corato,1
BausciaCafe,1
Calcio,1
Ahshdhshshsjsgdj,1
LUISS,1
Giovane,1
State,2
Joe911S,1
Date,1
Reincarnation,2
PS4,2
PC,2
HogwartsMystery,1
SirDistruggere,2
MUTE,1
AuLuCaRo,1
Lucio,1
Battisti,1
BLACKJOKERRX,1
ã‚¦ãƒ«ãƒˆãƒ©ãƒãƒ³USA,1
MON,1
BABY,1
ULTRA,1
Brancaleone72,1
SOCORRO,1
S02E08,1
Snatch,1
Amica,1
Svamoda,1
SanGerardoc5,1
Hyuna,1
Eh,2
RaiPlayâ€¦,1
ID,1
Lvl,1
Celeste,1
Omega,1
ARTE,1
PADOVA,1
Edizione,1
MonteCarlo,1
NOISIAMOGROOT,1
SERIE,1
Loki,2
Tommaso,1
Hiddleston,1
Perfetto,1
Grecia,2
MediaWorld,1
HuaweiMate20Pro,1
OnePlus6T,1
P20Lite,1
CABRERA78s,1
GangEstinzione,2
Attenti,2
Stazzone,1
Denis,1
Verdini,1
Credito,1
Uuuuh,1
Asfar,1
Saudi,1
Arabia,1
ğŸ‡¸ğŸ‡¦,1
Ottimo,1
Mateo,1
Lanzi,1
SimoTarantino,1
PuOi,1
FaRe,1
QuEsTi,1
GeStI,1
Emerald_b33,1
L'hanno,1
Rudargia,1
Dice,1
Giffoni,1
Valle,1
Piana,1
Vassi,1
Questi,2
ClimaSole,1
Mansilla,1
ğŸ¶ğŸ•ğŸ©ğŸ˜Š,1
UltimOra,1
Musumeci,1
Ricordo,2
NYC,1
Harmy_lis,1
GliArrabbiati,1
SommellaRoberto,2
Elezioni,1
Bonfrisco,1
CasaLettori,1
Robinson_Rep,1
CiÃ²,1
KuvutIT,1
Ambassador,1
LoctiteKintsuglue,1
Pirandello,1
L.,1
Sciascia,1
Siâ€¦,1
Anteprima,1
ANASinforma,3
T^T,1
Hshsjsjjfjfkmgk,1
Josstaynew,1
Dhsjdhsdjk,1
LegaBasketA,1
LBAStats,1
LBASerieA,1
PosteMobile,1
Poeta,1
FiatTâ€¦,1
Consuelo_Paola,1
Susy_1968,1
GiraffaCecilia,1
SpagnMara,1
Possiamo,1
BrendonPortaIlTuoCuloInItalia,1
BRENDONURIEPORTAILTUOCULOINITALIA,1
EmmaDevil_,1
VSFS,1
FACTS,1
ğŸ™ŒğŸ»âœ¨â¤ï¸ğŸ˜ğŸ˜­,1
UTILITALIA,1
Repetto,1
Utilitalia,1
Liberiamoci,1
GUCCI,1
COLOGNE,1
ğŸ¥,1
ğŸ’ªğŸ¾ğŸ”¥,1
Vacanze,1
TaniaPasquali1,1
TW,1
PRA,1
LaVeritaWeb,1
PerchÃ¨,1
Otelma,1
L'editoriale,1
SenatoStampa,1
Ebbasta,1
DD60,1
TB,1
ORA,2
FINALMENTE,1
SARÃ€,1
MIO,1
COMPLEANNO,1
LUPIIIII,1
Labellapassante,1
UrielBaldan,1
BBAnimals,1
UFFICIALMENTE,1
Classifica,1
SePiovesseIlTuoNome,1
ElisaToffoli,1
MengoniMarco,1
NewYork,1
Thegiornalistiâ€¦,1
LukaBacchelli,1
Pacentro,1
Abruzzo,1
Casaccia,1
MarcomelC,1
Cecchi,1
Paone,1
DiscorsiChewbe,1
ğŸ˜ğŸ˜ğŸ˜ğŸ˜ğŸ˜,1
Convegno,2
ComunicazioneAmbientale,1
Mimma,1
Pecora,1
tutela,1
Tartarughe,1
GPeruz,1
RosannaRuscito,2
CioÃ¨,1
DavideBerry,2
Lucida,2
AMagnoliBocchi,2
Comunardo,1
MIAMI,1
ULTRAè¡ŒããŸã„ã£ã¦äººRT,1
MrsAmyWake,1
Alma_siempre,1
SexySassyMinx,1
Erica27145634,1
Tremotino,1
BabybirdMillie,1
Anna28635045,1
VENGO,1
ASPÃˆ,1
BrozoKassy,5
Marc,1
Levy,1
Pensi,1
Arthur.â€¦,1
CittaEssenziale,2
Terra,3
Consorzio,3
Essenziale,2
ADC,1
Giancarlo,1
Attolini,1
Fatturazione,1
Elettronica,1
Ultraman,1
Geed,1
ğŸ›’,1
QUI,1
_Space_Android,1
ARREDARE,1
DIGITALI..,1
Robertorobby,1
Cristin07663892,1
Queste,1
Stella,2
Maxwell,1
Panda,1
Collage,3
Grafica,2
L'amore,1
Monix,1
Set,1
Strocco,1
Studio,1
EShimai,1
unica,1
Finale,1
IMedâ€¦,1
Goditi,1
Volete,1
Martina,1
UnciSei,1
BgiornoooFolllliii*,1
Austin,1
Lock,1
MinistrodellaMalaVita,3
Approfitto,3
SRkShahRukh7,1
Lena,1
Humeeee,1
Zero,1
HAHAHAHAHAHAHAHAHAHAHAHSHAHAHAHHAHAAHHAHAHAHAHAHAHAHAHAHAHAHAHAHAHAHAH,1
HAHAHAAHAHHAHAHHAHAHAHAH,1
Ricordi,1
IlMioAnniversarioDiTwitter,1
HSKSJSKSKSJSKSKSKJSJSK,1
EWAN,1
KO,1
SAYO,1
GIORNATA,1
BACIONI,1
TEğŸ˜˜ğŸ˜˜ğŸ˜˜ğŸŒğŸ’–â˜•,1
Girate,1
Invernâ€¦,1
VH1Storytellers,1
RaffoSarnataro,1
Carletto,1
GenoaNapoli,1
Venga,1
Larderello,1
Indimenticabile,1
HarryPotterEIlCaliceDiFuoco,1
Barby_era,1
ElvioVDeMatteis,1
L'ha,1
Programma,1
Fratelli,1
Rosso,1
Anna,1
Yangâ€¦,1
MAMA,1
Fabrizio_Elia,1
Serva,1
Adidas,3
Dybala,3
YSdvita,1
MollyBloom82,1
Rebeka80721â€¦,1
Nuova,3
JamieDornan,1
WillScarlet,1
RobinHoodLorigineDellaLeggenda,1
REGALIAMO,1
Ascani,1
PRESTITO,1
GiuseppeTurrisi,1
Bloch,1
~,1
Berlinâ€¦,1
DUE,1
BRAVI,1
DJ,1
ğŸ˜€ğŸ¶ğŸµ,1
Pesaro,1
ML,1
HAHAHAHA,1
VanityFair,1
VanityFairIt,1
â€¢,1
Circolo,1
Cittadino,1
Malerva,1
IBMItalia,1
FocusLIVE,1
Lor3nzoF,1
Siracusa,1
Mattarella,1
Ugh,1
Greenreport_it,1
Rifiuti,1
Arcipelago,1
Pulito,1
Brian,1
Hennemanâ€¦,1
CaressaGiovanni,1
Geppi,2
Cucciari,2
Splatinist_,1
Neato,1
Mishoni54,1
BMWX5M211,1
PosiePosie1212â€¦,1
Pane,1
Travaglio,1
Giannini,1
LetteraDonna,1
L'â€¦,1
InjangNation,1
Apa,1
Alan_kamiya,1
Kjkjkjki,1
EdoardoAmbroso1,1
CalcioFinanza,2
Alfa,1
Romeo,2
Miglia,1
Spyder,1
Meg,1
Ryan,1
Mellencamp,1
INFORMATI,1
Comeeee,1
Cerca,1
GUARDATE,1
SKSBSJSJS,1
T.T,1
Lan,1
Wangji,1
xD,1
CHIEDETEMI,1
PERCHÃ‰ğŸ˜‚,1
Certo,1
Tu,2
WAS,1
SOO,1
GOOOD,1
OMHNFMVMGMGGKFK,1
Spazio,1
Tutela,1
FedericZambelli,1
Incredibil,1
Dreamer,1
LiguriaOnLine,1
BJLiguria,1
VAlivernini,1
GuernseyJuliet,1
LunaLeso,1
STIAMO,1
PARLANDO,1
ESATTAMENTE,1
LOUIS,1
PRETENDO,1
TUO,1
TOUR,1
God,1
Friday,1
Chloe,1
MALE,1
RESPIRO,1
PIâ€¦,1
IGNORANTI,1
BUGIARDI,1
INCAPACI,1
VOLTAGABBANA,1
Beppe,1
Riso,1
CataldiDanilo,1
Remember,1
Vito,1
Andolini,1
CasaNetural,1
Panem,1
Bambam,1
UNHCRcard,1
ONU,1
Cambiamentoclimatico,1
Alluvioni,1
Artico,1
Lfoxx_cdr,1
VictoriaPeckham,1
GappyTales,1
PeterTatchell,1
Ditto,1
Hotasfuckgrls,1
Jessica,1
Alba,1
L'Ora,1
Solare,1
FILIPPOLAMANTIA,1
AndrewDFish,3
Alda,1
Merini,1
AHSKSHAJSJSHA,1
ğŸ’«ğŸŒºğŸ’«,1
Fusaro,1
Guttembergo,1
Mediterranea,1
migranti,1
MareJoniâ€¦,1
Cru_Rz,1
RifiutiZeroUmbria,1
EcoTyre,1
PFU,1
Ambiente,1
VS,1
PapaFrancesco,1
LeavventurediCipollino,2
TeatroVerdi,2
MonteSanSavino,2
Coreografiaâ€¦,2
Enoch,1
Arden,1
Donato,1
Bellaciao,1
Congresso,1
Blocodeesquerda,1
HAHAHAAHAH,1
Plebiscito|Vd,1
Raff_Perf,1
â†—ï¸,1
NEGATIVO,1
MADE,1
ITALY,1
Arranca,1
Data,1
Analysis,1
Summit,1
Tarragona,1
Datathon,1
Felicitats,1
UCI,1
HJXXIII,1
Alle,1
Florida,1
UniversityğŸ“,1
IG,1
Lexybrown_,1
TwiceItalia,1
YESorYES,1
Youtube,1
Complimenti,1
Twice,1
ğŸ­,1
SuperFiammetta,2
Decine,1
Bosnia,1
Croâ€¦,1
Baggio,1
Get,1
Coffee,1
Minimum,1
Bags,1
Dark,1
Roast,1
CafÃ©,1
Britt,1
Er,1
CEInews,1
Anniversario,1
Shoahâ€¦,1
ConfrontoDem,1
CucÃ¹,1
JFSJFKSKFJSKFKSF,1
Hartmann_TWT,1
Francesco,1
Chirâ€¦,1
ContemporARToP,1
OGR,1
Riccardo,1
Mazza,1
Laura,1
Pol.â€¦,1
Viola3219,1
Siiiii,1
Handelsblatt,1
Majin79,1
Bibbia,1
Fantasy,1
ğŸ¤£ğŸ¤£ğŸ¤£ğŸ¤£,1
LaTvDâ€¦,1
PREPARATEVI,1
ElezioniEuropee,1
SCIACQUONE,1
ğŸš½,1
Spring_CW,1
Sala,1
BICSI,1
Mainland,1
BTicino,1
CoelDistribution,1
DucatiMotor,2
EICMA,2
Esposizione,2
Internazionale,2
La_Lettura,1
Coldplay,1
Alice,2
Grandi,1
ASRomaFemminile,1
Annamaria,1
Serturini,1
MondoDiVersi/Valery,1
David,1
Friedrich,1
Navigli,1
Idealservice,1
LOV_IMAGES,1
CVenditori18135,1
StefanoFeltri,1
Tommasolabateâ€¦,1
.PerchÃ©,1
Gratteri,1
Togon,1
Deâ€¦,1
Ridere,1
Novembreâ€¦,1
LeggieriM5S,1
Mettiamo,1
Vintage,1
W.,1
Shakespeare,1
Quegli,1
Pup,1
Aula,1
Reperto,1
Codice,1
Berlusconiâ€¦,1
ARBRITA,1
MAZZOLENI,1
DOC,1
Laurmenyoursong,1
IlVeroUltimo,1
DURELLO,1
GFVIP,1
StampaTorino,1
CioccolaTÃ²,1
LaStampaâ€¦,1
Trasporti,1
Dieni,1
Frana,2
VOLAAAA,1
Leggere,1
Enea,1
Erinna,1
Sandor,1
CNA,1
Network,1
ğŸ¤©,1
Suso,1
ğŸ”´âš«,1
AnittaSolo,1
GaillardoJose,1
MariaGr13687435,1
JeanetteEliz,1
VolpatoErmanno,1
Alexia30559,1
Prendi,1
âš˜,1
Ahahah,1
MinistroKim,1
AKSHSJ,1
GRACIASğŸ’œ,1
Ruttini,1
StampaSavona,1
Alpicella,1
Varazze,1
Celle,1
APK,1
Disponibile,1
Versione,1
Aggiornata,1
LaCastelliM5s,1
GabriGiammanco,1
LaScossa,1
Madonna,1
Fore,1
Sbarra,1
PuÃ²,1
PiovonoLameNERE,1
Evoluzione,1
AAlciato,1
Food,1
Assistant,1
Android,1
BTP,1
Tria,1
ALESSANDRO,1
PIERRO,1
Heroes,1
Capisco,1
SommaMonica,1
ForzaJuve,1
CR7,1
LucianoBarraCar,1
Makkox,1
WWFitalia,1
CRAS,1
Benito,1
Mussolini,1
Troye,1
Instagram,1
Byron,1
Spencer,1
Capito,1
NUOVO,1
CONCORDATO,1
VILLAGGIO,1
VERSO,1
L'APPROVAZIONE,1
TRIBUNALE,1
Appiâ€¦,1
GiandujottoScettico,1
RITORNAAAAREEE,1
TeamCC,1
LinoGuancialeâ€¦,1
Perdona,1
Nostri,1
Peccati,1
Vivi,1
migliora,1
Adriana,1
Lima,1
VeronicaT_errei,1
Figlina,1
ğŸ˜‚ğŸ˜‚,1
LaSolitaMary,1
Michelamikba1,1
LucaX34339729,1
Qui,1
LucyB20422093,1
SONO,1
UN'OPERA,1
D'ARTE,1
BTS_twt,1
EnricoTurcato,1
Anni,1
Jesolo,1
FirstCisl,1
KeyEditore,1
LuisağŸ“,1
ğŸ‘„RT,1
UfficioStampaBI,1
Bankitalia,1
BancheMoneta,1
Lili,1
ğŸ¤¤ğŸ¤¤ğŸ¤¤ğŸ¤¤,1
RomanceğŸ¼,1
ê¹€ì¬í™˜,1
ì›Œë„ˆì›,1
KIMJAEHWAN,1
MAMAVOTE,1
ë°°ê²½í™”ë©´,1
Asso_ReS,1
Preâ€¦,1
Antorco66,1
Imagine_italy,1
Meno,1
AvvBERNARDO,1
Alessia11307,1
Congo,1
GIÃ€ğŸ˜‚ğŸ˜‚ğŸ˜‚ğŸ’©ğŸ˜‚ğŸ˜‚ğŸ˜‚ğŸ˜‚ğŸ˜‚,1
STILE,1
Purgatorio,1
SimonaMalpezzi,1
Sanpaolo,1
Serpente,1
Dorazio,1
Alessandrâ€¦,1
/VIDEO,1
Ah,1
BRAVO,1
DIMITRIIIIII,1
_AlexJ00,1
CEinews,1
Reinhard,1
Marxâ€¦,1
ATTENZIONE,1
AD,1
ALTO,1
CONTENUTO,1
BONAGGINE,1
âŒğŸ”,1
FAKE,1
FicarraePicone,1
MediasetTgcom24,1
LuigiDiMaio,1
Dj_Abba,1
Dj,1
Ab,1
CocaCola,1
ğŸ˜ğŸ˜œ,1
NowPlaying,1
Ghetto,1
Daddy,1
Yankee,1
Ozuna,1
Formula,1
Fermiamo,1
Croci,1
mia,1
Percepisco,1
Capra,1
Rotonda,1
Vicenza,1
Strade,1
Anima,1
Capetlevrai,1
Quenelle,1
/20,1
Lidia,1
Montanari,1
Sodoma,1
Radio,1
Offerte,1
Lavoro,1
CONSULENTE,1
IMMOBILIARE,1
Consulente,1
Immobiliare,1
RE/MAX,1
Terracina,1
Museo,1
RinoğŸ’•,1
Houston,1
Sotto,1
Grandissimo,1
SKAMitalia,1
BARON,1
Trans,1
Waaaaa,1
AAAAAA-â¤,1
DavideGariglio,1
Ministero,1
Toninelliâ€¦,1
VanessaDecker_,1
Rica,1
ğŸ–¤,1
Kokki_Off,1
EPSTamilNadu,1
TTVDhinakaran,1
Current,1
Provvedi,1
Donatella,1
Liam,1
VAI,1
COSÃŒ,1
SARA,1
MAGNIFICA,1
ğŸ’ªğŸ¼ğŸ’ğŸ’¥,1
SaraSampaio,1
AdeccoItalia,1
NEET,1
Lavorâ€¦,1
Austria,1
Kurz,1
Invito,1
Walter,1
Legista,1
AutoClassica,1
Tgla7,1
BiancaCaterinaBizzarri,1
Ziolaaa,1
Prontissimi,1
ğŸ’ªğŸ”¥ğŸ’£ğŸ˜,1
FiguratiNoi,1
BTSItalia_twt,1
Answer,1
Kendall,1
PLAYLIST,1
RobertoPer1964,1
Carabiniere,1
BullaInterista,1
Feltrinelli,1
Libri,1
Musica,1
Cavour,1
Anton,1
Emilio,1
Krâ€¦,1
Ag,1
L'Inter,1
ğŸ˜ŠğŸ˜‰,1
Serie,1
A2,1
verso,1
LBFLIVE,1
MAMAVOTEâ€¦,1
GOT7Official,1
Mini,1
Behind,1
Lullaby,1
M/V,1
Quest,1
No.7,1
GOT7,1
ê°“ì„¸ë¸,1
PresentYOU,1
Lancerei,1
Continua,1
ARAcomera,1
Giorgio_RossiTs,1
DiscoverTriesteâ€¦,1
Ramazzotti,1
VirzÃ¬,1
TexanBasketball,1
Vs,1
FlyingWildcatBB,1
Scrimmage,1
Recap,1
BigGuyClipz,1
PaulMDaRealTalk,1
TheTB5Reports,1
Gosset41,1
ReeceWaddell15â€¦,1
RapportoGiovani,1
Fondazione,1
Rapporto,1
Cinema,1
XI,1
Internazionaleâ€¦,1
Hazydavey36,1
Robi_Nai1,1
LadyFalenaIvana,1
Secret,1
Pescara,1
VOGLIOstreamingDay,1
MoniaMalerba,1
Ivana69785317,1
Cindymajseven,1
DebbyP94341930,1
Titty863â€¦,1
LordOfDots,1
Djavan,1
Caetano,1
Veloso,1
Sina,1
Piu_Europa,1
AzzolinaLucia,1
MESSAGGIO,1
MAKEUP,1
RosaRonzitti,1
Iengyanjun,1
HE,1
CANT,1
DO,1
THIS,1
TO,1
NFJDJDJSJD,1
GOODBYE,1
Grandissima,1
Cantone,1
PatriziaRametta,1
SuperGuidaTV,1
Fongaro,1
Pazienza,1
Campionse-Ceresio,1
Castori,1
Vogliamo,1
Letizia,1
**,1
Beneventoâ€¦,1
ReniRossi,1
Federparchi,1
UNESCO_MAB,1
GSammuri,1
HAHAHA,1
Tiberiade,1
Pontificio,1
Seminario,1
ATimossi,1
Brutta,1
Storia.I,1
SPETTACOLARE,1
Scavare,1
Maxxi,1
ospita,1
Dogging,1
==,1
Gilda,1
Lester_O3,1
Sister,1
Debbie,1
SORBINO,1
CUP,1
Dirette,1
LBF,1
TV,1
AHUDDJSKSJAKSJSH,1
MORRENDOOO,1
ğŸ˜‚ğŸ˜‚ğŸ˜‚ğŸ˜‚ğŸ˜‚,1
Carl,1
dice,1
MarcoCantamessa,1
Attenzione,1
Ezequiel_Gomez_,1
ğŸ’£ğŸ’£,1
SpaceJamParty,1
Sedicenne,1
InLombardia,1
Brembana,1
Roncobello,1
Laghi,1
Gemelli,1
Scegli,1
Dany_Mar_tinez,1
STREAMING,1
â–¶ï¸â€¦,1
SAREBBE,1
CaffeFilosofico,1
Pindaro,1
Arieta_K90,1
ErmalMeta,1
GOCCIA,1
CINESE,1
Mou,1
Vedic,1
Agni,1
AnnaIrmaBattino,1
Trento,1
Cucchi,1
Dateci,1
Colonnelâ€¦,1
Mustapha1508,1
ğŸ¥™,1
Beautyfrâ€¦,1
Sogni,1
ScrivoDiStelle,1
TalmÃ¡csi,1
GÃ¡bor,1
Mondo,1
Classe,1
Hoseok,1
Yoongi,1
SassiLive,1
ANTEPRIMA,1
FESTIVAL,1
TERRA,1
PANE,1
RASSEGNA,1
MATERA,1
INTERVENTI,1
CALBI,1
ADDUCE,1
BIEOU,1
Paolâ€¦,1
FFKFKFJSJDDJCNDJDNSJDNSWRRORD,1
JACKSON,1
Irama,1
Trovo,1
AvvocaturağŸ‘‡,1
MistressTepco,1
RachelDurieux,1
Salam81485347,1
GamesPaladinsIT,1
Crackdown,1
Asti,1
Lunablucobalto,1
AlessandraCicc6,1
MariaAdeâ€¦,1
macchina,1
Davide,1
mio,1
GAY,1
L'unica,1
Consigli,1
BurgaLovec,1
ğŸ’£ğŸ”,1
VoglioStreamingDâ€¦,1
CesareSacchetti,1
Bagheria,1
Lentini,1
Gucci,1
Bloom,1
DakotaJohnson,1
GucciBloom,1
Style,1
Beauty,1
BF_Servizi,1
EimaInt,1
BolognaFiere,1
FabrizioDalCol,1
Rispondere,1
Ue,1
âš½,1
Atalanta_BC,1
ğŸ†š,1
ğŸ™,1
Bonatti,1
ğŸ¤,1
Jadegiacaloneâ€¦,1
ItalyinEU,1
Sottosegretario,1
Affari,1
Esteri,1
Stranâ€¦,1
AstroItalia6,1
Sanha,1
ğŸ™ˆ,1
Giornalastri,1
GiorgiaMeloni,1
Aderisco,1
Sporcatevi,1
Associazione,1
FondazioneFate,1
Economy,1
Award,1
PropheticEconomy,1
Gandolfo,1
Opâ€¦,1
SimoneCristao,1
OFFERTA,1
LAMPOâ€¼ï¸,1
Solimpia,1
Rasoio,1
Elettrico,1
Barba,1
Uomo,1
Wet,1
Dry,1
Regolabarba,1
Regolatore,1
â‚¬23â€¦,1
ItaliaRipensaci,1
Beatrice,1
Vio,1
BRAVISSIMA,1
BEBE,1
Federschermaâ€¦,1
BottaAdv,1
Seguo,1
RollingStoneita,1
Rachel,1
Cusk,1
EnviInfo,1
Quest'anno,1
SERR18,1
LuciaCuffaro,1
Decennale,1
Acer,1
Aspire,1
XC-830,1
Desktop,1
Processore,1
Intel,1
Celeron,1
J4005,1
Passa,1
Risparmi,1
quelle,1
Italbasket,1
Spezia,1
Azzurro,1
Croazia-Italia,1
Slavonsky,1
Brod,1
Svâ€¦,1
FF,1
Stima,1
ManuPalo67,1
Tantissimi,1
Iscrizioni,1
Mercato,1
Schick,1
Monchi,1
ğŸ‘‰ğŸ»,1
Calciomercato,1
ItaliAuto,1
Sprint,1
GTA,1
Junior,1
AlfaRomeo,1
AlgaGiulia,1
AlfaGiulia,1
AlfaSprint,1
Bertone,1
QuattroTi,1
SIE,1
Congressi,1
Dottore,1
E.,1
M.,1
A..,1
Watson,1
Tom,1
Felton,1
Signor,1
Presidenâ€¦,1
Geo,1
NUOVA,1
SERVA,1
CARLOTTA,1
SAMI,1
DIRETTA,1
Vâ€¦,1
Sassari,1
Indagini,1
ğŸ–•ğŸ½,1
NEXYIU,1
BONUS,1
Futuro360,1
Commissioni,1
Bilancio,1
Diretta,1
El,1
Natti,1
Natasha,1
Remolachanet,1
MFerraglioni,1
Casa,1
Bianca,1
PrisonPlanet,1
InAFeministWay,1
Omg,1
